protein,chain,drug_name,drug_id,group1,group,ligand_atom
1JB0,A,CLA,1013,A0,A0A,MG;CHA;CHB;CHC;CHD;NA;C1A;C2A;C3A;C4A;CMA;CAA;CBA;CGA;O1A;O2A;NB;C1B;C2B;C3B;C4B;CMB;CAB;CBB;NC;C1C;C2C;C3C;C4C;CMC;CAC;CBC;ND;C1D;C2D;C3D;C4D;CMD;CAD;OBD;CBD;CGD;O1D;O2D;CED;C1;C2;C3;C4;C5
1JB0,B,CLA,1023,A0,A0B,MG;CHA;CHB;CHC;CHD;NA;C1A;C2A;C3A;C4A;CMA;CAA;CBA;CGA;O1A;O2A;NB;C1B;C2B;C3B;C4B;CMB;CAB;CBB;NC;C1C;C2C;C3C;C4C;CMC;CAC;CBC;ND;C1D;C2D;C3D;C4D;CMD;CAD;OBD;CBD;CGD;O1D;O2D;CED;C1;C2;C3;C4;C5
1JB0,B,CLA,1012,AA,AAA,MG;CHA;CHB;CHC;CHD;NA;C1A;C2A;C3A;C4A;CMA;CAA;CBA;CGA;O1A;O2A;NB;C1B;C2B;C3B;C4B;CMB;CAB;CBB;NC;C1C;C2C;C3C;C4C;CMC;CAC;CBC;ND;C1D;C2D;C3D;C4D;CMD;CAD;OBD;CBD;CGD;O1D;O2D;CED;C1;C2;C3;C4;C5
1JB0,A,CLA,1022,AA,AAB,MG;CHA;CHB;CHC;CHD;NA;C1A;C2A;C3A;C4A;CMA;CAA;CBA;CGA;O1A;O2A;NB;C1B;C2B;C3B;C4B;CMB;CAB;CBB;NC;C1C;C2C;C3C;C4C;CMC;CAC;CBC;ND;C1D;C2D;C3D;C4D;CMD;CAD;OBD;CBD;CGD;O1D;O2D;CED;C1;C2;C3;C4;C5
1JB0,A,CLA,1011,P700,P700,MG;CHA;CHB;CHC;CHD;NA;C1A;C2A;C3A;C4A;CMA;CAA;CBA;CGA;O1A;O2A;NB;C1B;C2B;C3B;C4B;CMB;CAB;CBB;NC;C1C;C2C;C3C;C4C;CMC;CAC;CBC;ND;C1D;C2D;C3D;C4D;CMD;CAD;OBD;CBD;CGD;O1D;O2D;CED;C1;C2;C3;C4;C5
1JB0,B,CLA,1021,P700,P700B,MG;CHA;CHB;CHC;CHD;NA;C1A;C2A;C3A;C4A;CMA;CAA;CBA;CGA;O1A;O2A;NB;C1B;C2B;C3B;C4B;CMB;CAB;CBB;NC;C1C;C2C;C3C;C4C;CMC;CAC;CBC;ND;C1D;C2D;C3D;C4D;CMD;CAD;OBD;CBD;CGD;O1D;O2D;CED;C1;C2;C3;C4;C5
5OY0,A,CLA,1013,A0,A0A,MG;CHA;CHB;CHC;CHD;NA;C1A;C2A;C3A;C4A;CMA;CAA;CBA;CGA;O1A;O2A;NB;C1B;C2B;C3B;C4B;CMB;CAB;CBB;NC;C1C;C2C;C3C;C4C;CMC;CAC;CBC;ND;C1D;C2D;C3D;C4D;CMD;CAD;OBD;CBD;CGD;O1D;O2D;CED;C1;C2;C3;C4;C5
5OY0,B,CLA,1023,A0,A0B,MG;CHA;CHB;CHC;CHD;NA;C1A;C2A;C3A;C4A;CMA;CAA;CBA;CGA;O1A;O2A;NB;C1B;C2B;C3B;C4B;CMB;CAB;CBB;NC;C1C;C2C;C3C;C4C;CMC;CAC;CBC;ND;C1D;C2D;C3D;C4D;CMD;CAD;OBD;CBD;CGD;O1D;O2D;CED;C1;C2;C3;C4;C5
5OY0,A,CLA,1012,AA,AAA,MG;CHA;CHB;CHC;CHD;NA;C1A;C2A;C3A;C4A;CMA;CAA;CBA;CGA;O1A;O2A;NB;C1B;C2B;C3B;C4B;CMB;CAB;CBB;NC;C1C;C2C;C3C;C4C;CMC;CAC;CBC;ND;C1D;C2D;C3D;C4D;CMD;CAD;OBD;CBD;CGD;O1D;O2D;CED;C1;C2;C3;C4;C5
5OY0,B,CLA,1022,AA,AAB,MG;CHA;CHB;CHC;CHD;NA;C1A;C2A;C3A;C4A;CMA;CAA;CBA;CGA;O1A;O2A;NB;C1B;C2B;C3B;C4B;CMB;CAB;CBB;NC;C1C;C2C;C3C;C4C;CMC;CAC;CBC;ND;C1D;C2D;C3D;C4D;CMD;CAD;OBD;CBD;CGD;O1D;O2D;CED;C1;C2;C3;C4;C5
5OY0,A,CLA,1011,P700,P700,MG;CHA;CHB;CHC;CHD;NA;C1A;C2A;C3A;C4A;CMA;CAA;CBA;CGA;O1A;O2A;NB;C1B;C2B;C3B;C4B;CMB;CAB;CBB;NC;C1C;C2C;C3C;C4C;CMC;CAC;CBC;ND;C1D;C2D;C3D;C4D;CMD;CAD;OBD;CBD;CGD;O1D;O2D;CED;C1;C2;C3;C4;C5
5OY0,B,CLA,1021,P700,P700B,MG;CHA;CHB;CHC;CHD;NA;C1A;C2A;C3A;C4A;CMA;CAA;CBA;CGA;O1A;O2A;NB;C1B;C2B;C3B;C4B;CMB;CAB;CBB;NC;C1C;C2C;C3C;C4C;CMC;CAC;CBC;ND;C1D;C2D;C3D;C4D;CMD;CAD;OBD;CBD;CGD;O1D;O2D;CED;C1;C2;C3;C4;C5
5ZJI,A,CLA,802,A0,A0A,MG;CHA;CHB;CHC;CHD;NA;C1A;C2A;C3A;C4A;CMA;CAA;CBA;CGA;O1A;O2A;NB;C1B;C2B;C3B;C4B;CMB;CAB;CBB;NC;C1C;C2C;C3C;C4C;CMC;CAC;CBC;ND;C1D;C2D;C3D;C4D;CMD;CAD;OBD;CBD;CGD;O1D;O2D;CED;C1;C2;C3;C4;C5
5ZJI,B,CLA,803,A0,A0B,MG;CHA;CHB;CHC;CHD;NA;C1A;C2A;C3A;C4A;CMA;CAA;CBA;CGA;O1A;O2A;NB;C1B;C2B;C3B;C4B;CMB;CAB;CBB;NC;C1C;C2C;C3C;C4C;CMC;CAC;CBC;ND;C1D;C2D;C3D;C4D;CMD;CAD;OBD;CBD;CGD;O1D;O2D;CED;C1;C2;C3;C4;C5
5ZJI,A,CLA,803,AA,AAA,MG;CHA;CHB;CHC;CHD;NA;C1A;C2A;C3A;C4A;CMA;CAA;CBA;CGA;O1A;O2A;NB;C1B;C2B;C3B;C4B;CMB;CAB;CBB;NC;C1C;C2C;C3C;C4C;CMC;CAC;CBC;ND;C1D;C2D;C3D;C4D;CMD;CAD;OBD;CBD;CGD;O1D;O2D;CED;C1;C2;C3;C4;C5
5ZJI,A,CLA,854,AA,AAB,MG;CHA;CHB;CHC;CHD;NA;C1A;C2A;C3A;C4A;CMA;CAA;CBA;CGA;O1A;O2A;NB;C1B;C2B;C3B;C4B;CMB;CAB;CBB;NC;C1C;C2C;C3C;C4C;CMC;CAC;CBC;ND;C1D;C2D;C3D;C4D;CMD;CAD;OBD;CBD;CGD;O1D;O2D;CED;C1;C2;C3;C4;C5
5ZJI,A,CL0,801,P700,P700,MG;CHA;CHB;CHC;CHD;NA;C1A;C2A;C3A;C4A;CMA;CAA;CBA;CGA;O1A;O2A;NB;C1B;C2B;C3B;C4B;CMB;CAB;CBB;NC;C1C;C2C;C3C;C4C;CMC;CAC;CBC;ND;C1D;C2D;C3D;C4D;CMD;CAD;OBD;CBD;CGD;O1D;O2D;CED;C1;C2;C3;C4;C5
5ZJI,B,CLA,802,P700,P700B,MG;CHA;CHB;CHC;CHD;NA;C1A;C2A;C3A;C4A;CMA;CAA;CBA;CGA;O1A;O2A;NB;C1B;C2B;C3B;C4B;CMB;CAB;CBB;NC;C1C;C2C;C3C;C4C;CMC;CAC;CBC;ND;C1D;C2D;C3D;C4D;CMD;CAD;OBD;CBD;CGD;O1D;O2D;CED;C1;C2;C3;C4;C5
6JO6,A,CLA,802,A0,A0A,MG;CHA;CHB;CHC;CHD;NA;C1A;C2A;C3A;C4A;CMA;CAA;CBA;CGA;O1A;O2A;NB;C1B;C2B;C3B;C4B;CMB;CAB;CBB;NC;C1C;C2C;C3C;C4C;CMC;CAC;CBC;ND;C1D;C2D;C3D;C4D;CMD;CAD;OBD;CBD;CGD;O1D;O2D;CED;C1;C2;C3;C4;C5
6JO6,B,CLA,803,A0,A0B,MG;CHA;CHB;CHC;CHD;NA;C1A;C2A;C3A;C4A;CMA;CAA;CBA;CGA;O1A;O2A;NB;C1B;C2B;C3B;C4B;CMB;CAB;CBB;NC;C1C;C2C;C3C;C4C;CMC;CAC;CBC;ND;C1D;C2D;C3D;C4D;CMD;CAD;OBD;CBD;CGD;O1D;O2D;CED;C1;C2;C3;C4;C5
6JO6,A,CLA,803,AA,AAA,MG;CHA;CHB;CHC;CHD;NA;C1A;C2A;C3A;C4A;CMA;CAA;CBA;CGA;O1A;O2A;NB;C1B;C2B;C3B;C4B;CMB;CAB;CBB;NC;C1C;C2C;C3C;C4C;CMC;CAC;CBC;ND;C1D;C2D;C3D;C4D;CMD;CAD;OBD;CBD;CGD;O1D;O2D;CED;C1;C2;C3;C4;C5
6JO6,A,CLA,854,AA,AAB,MG;CHA;CHB;CHC;CHD;NA;C1A;C2A;C3A;C4A;CMA;CAA;CBA;CGA;O1A;O2A;NB;C1B;C2B;C3B;C4B;CMB;CAB;CBB;NC;C1C;C2C;C3C;C4C;CMC;CAC;CBC;ND;C1D;C2D;C3D;C4D;CMD;CAD;OBD;CBD;CGD;O1D;O2D;CED;C1;C2;C3;C4;C5
6JO6,A,CL0,801,P700,P700,MG;CHA;CHB;CHC;CHD;NA;C1A;C2A;C3A;C4A;CMA;CAA;CBA;CGA;O1A;O2A;NB;C1B;C2B;C3B;C4B;CMB;CAB;CBB;NC;C1C;C2C;C3C;C4C;CMC;CAC;CBC;ND;C1D;C2D;C3D;C4D;CMD;CAD;OBD;CBD;CGD;O1D;O2D;CED;C1;C2;C3;C4;C5
6JO6,B,CLA,802,P700,P700B,MG;CHA;CHB;CHC;CHD;NA;C1A;C2A;C3A;C4A;CMA;CAA;CBA;CGA;O1A;O2A;NB;C1B;C2B;C3B;C4B;CMB;CAB;CBB;NC;C1C;C2C;C3C;C4C;CMC;CAC;CBC;ND;C1D;C2D;C3D;C4D;CMD;CAD;OBD;CBD;CGD;O1D;O2D;CED;C1;C2;C3;C4;C5
6PNJ,A,CLA,1013,A0,A0A,MG;CHA;CHB;CHC;CHD;NA;C1A;C2A;C3A;C4A;CMA;CAA;CBA;CGA;O1A;O2A;NB;C1B;C2B;C3B;C4B;CMB;CAB;CBB;NC;C1C;C2C;C3C;C4C;CMC;CAC;CBC;ND;C1D;C2D;C3D;C4D;CMD;CAD;OBD;CBD;CGD;O1D;O2D;CED;C1;C2;C3;C4;C5
6PNJ,B,CLA,1023,A0,A0B,MG;CHA;CHB;CHC;CHD;NA;C1A;C2A;C3A;C4A;CMA;CAA;CBA;CGA;O1A;O2A;NB;C1B;C2B;C3B;C4B;CMB;CAB;CBB;NC;C1C;C2C;C3C;C4C;CMC;CAC;CBC;ND;C1D;C2D;C3D;C4D;CMD;CAD;OBD;CBD;CGD;O1D;O2D;CED;C1;C2;C3;C4;C5
6PNJ,A,CLA,1012,AA,AAA,MG;CHA;CHB;CHC;CHD;NA;C1A;C2A;C3A;C4A;CMA;CAA;CBA;CGA;O1A;O2A;NB;C1B;C2B;C3B;C4B;CMB;CAB;CBB;NC;C1C;C2C;C3C;C4C;CMC;CAC;CBC;ND;C1D;C2D;C3D;C4D;CMD;CAD;OBD;CBD;CGD;O1D;O2D;CED;C1;C2;C3;C4;C5
6PNJ,B,CLA,1022,AA,AAB,MG;CHA;CHB;CHC;CHD;NA;C1A;C2A;C3A;C4A;CMA;CAA;CBA;CGA;O1A;O2A;NB;C1B;C2B;C3B;C4B;CMB;CAB;CBB;NC;C1C;C2C;C3C;C4C;CMC;CAC;CBC;ND;C1D;C2D;C3D;C4D;CMD;CAD;OBD;CBD;CGD;O1D;O2D;CED;C1;C2;C3;C4;C5
6PNJ,A,CL0,1011,P700,P700,MG;CHA;CHB;CHC;CHD;NA;C1A;C2A;C3A;C4A;CMA;CAA;CBA;CGA;O1A;O2A;NB;C1B;C2B;C3B;C4B;CMB;CAB;CBB;NC;C1C;C2C;C3C;C4C;CMC;CAC;CBC;ND;C1D;C2D;C3D;C4D;CMD;CAD;OBD;CBD;CGD;O1D;O2D;CED;C1;C2;C3;C4;C5
6PNJ,B,CLA,1021,P700,P700B,MG;CHA;CHB;CHC;CHD;NA;C1A;C2A;C3A;C4A;CMA;CAA;CBA;CGA;O1A;O2A;NB;C1B;C2B;C3B;C4B;CMB;CAB;CBB;NC;C1C;C2C;C3C;C4C;CMC;CAC;CBC;ND;C1D;C2D;C3D;C4D;CMD;CAD;OBD;CBD;CGD;O1D;O2D;CED;C1;C2;C3;C4;C5
